Organización;usuario;password
Oryon School;ORY-01;x7k9m2
Oryon School;ORY-02;p4n8q1
Oryon School;ORY-03;w2t6r5
Oryon School;ORY-04;j9l3v4
Oryon School;ORY-05;a1s8d7
Oryon School;ORY-06;z6x2c5
Oryon School;ORY-07;q3w9e4
Oryon School;ORY-08;r7t1y8
Oryon School;ORY-09;u2i5o9
Oryon School;ORY-10;p0l4k6
Oryon School;ORY-11;m8n2b3
Oryon School;ORY-12;v5c1x9
Oryon School;ORY-13;z3a7s4
Oryon School;ORY-14;d6f2g8
Oryon School;ORY-15;h4j9k1
Oryon School;ORY-16;l5p3o7
Oryon School;ORY-17;i2u8y6
Oryon School;ORY-18;t4r9e1
Oryon School;ORY-19;w7q3a5
Oryon School;ORY-20;s2d8f6
Oryon School;ORY-21;g4h1j9
Oryon School;ORY-22;k7l3z5
Oryon School;ORY-23;x9c2v4
Oryon School;ORY-24;b6n1m8
Oryon School;ORY-25;q5w3e7
Oryon School;ORY-26;r2t9y4
Oryon School;ORY-27;u6i1o8
Oryon School;ORY-28;p3a7s9
Oryon School;ORY-29;d4f8g2
Oryon School;ORY-30;h6j1k5
prueba final 01;final 01;000001
prueba final 02;final 02;000002
prueba final 03;final 03;000003
prueba final 04;final 04;000004
prueba final 05;final 05;000005
prueba final 06;final 06;000006
prueba final 07;final 07;000007
prueba final 08;final 08;000008
prueba final 09;final 09;000009
prueba final 10;final 10;000010
prueba final 11;final 11;000011
prueba final 12;final 12;000012
prueba final 13;final 13;000013
prueba final 14;final 14;000014
prueba final 15;final 15;000015
prueba final 16;final 16;000016
prueba final 17;final 17;000017
prueba final 18;final 18;000018
prueba final 19;final 19;000019
prueba final 20;final 20;000020
